harm,run_combination,run_count,llm_pair_diversity,relevance_mean,coverage_score,global_dimensions,global_unique_dimensions,relevant_unique_dimensions,raw_coverage_score,source_metrics,unique_taxonomy_metrics
anthropomorphic_behaviors,runs-1-to-3,3,0.962722,3.68,69,25,22,22,69,anthropomorphic_behaviors/runs-1-to-3/metrics.json,anthropomorphic_behaviors/runs-1-to-9/metrics.json
anthropomorphic_behaviors,runs-1-to-5,5,0.968712,3.755556,84,45,36,36,84,anthropomorphic_behaviors/runs-1-to-5/metrics.json,anthropomorphic_behaviors/runs-1-to-9/metrics.json
anthropomorphic_behaviors,runs-1-to-7,7,0.976979,3.734375,91,64,51,50,91,anthropomorphic_behaviors/runs-1-to-7/metrics.json,anthropomorphic_behaviors/runs-1-to-9/metrics.json
anthropomorphic_behaviors,runs-1-to-9,9,0.971678,3.686747,91,83,59,58,87,anthropomorphic_behaviors/runs-1-to-9/metrics.json,anthropomorphic_behaviors/runs-1-to-9/metrics.json
child_safety,runs-1-to-3,3,0.944239,3.931034,80,29,17,17,80,child_safety/runs-1-to-3/metrics.json,child_safety/runs-1-to-8/metrics.json
child_safety,runs-1-to-5,5,0.949125,3.897959,89,49,29,29,89,child_safety/runs-1-to-5/metrics.json,child_safety/runs-1-to-8/metrics.json
child_safety,runs-1-to-7,7,0.952368,3.716418,92,67,32,32,92,child_safety/runs-1-to-7/metrics.json,child_safety/runs-1-to-8/metrics.json
child_safety,runs-1-to-8,8,0.955965,3.922078,92,77,39,39,86,child_safety/runs-1-to-8/metrics.json,child_safety/runs-1-to-8/metrics.json
hate_speech_harassment,runs-1-to-3,3,0.968706,3.961538,88,26,20,20,88,hate_speech_harassment/runs-1-to-3/metrics.json,hate_speech_harassment/runs-1-to-8/metrics.json
hate_speech_harassment,runs-1-to-5,5,0.945293,3.723404,91,47,31,31,91,hate_speech_harassment/runs-1-to-5/metrics.json,hate_speech_harassment/runs-1-to-8/metrics.json
hate_speech_harassment,runs-1-to-7,7,0.950269,3.73913,93,69,38,38,93,hate_speech_harassment/runs-1-to-7/metrics.json,hate_speech_harassment/runs-1-to-8/metrics.json
hate_speech_harassment,runs-1-to-8,8,0.956217,3.7125,94,80,44,44,94,hate_speech_harassment/runs-1-to-8/metrics.json,hate_speech_harassment/runs-1-to-8/metrics.json
imminent_crisis_management,runs-1-to-3,3,0.939352,3.869565,81,23,15,15,81,imminent_crisis_management/runs-1-to-3/metrics.json,imminent_crisis_management/runs-1-to-8/metrics.json
imminent_crisis_management,runs-1-to-5,5,0.93693,3.763158,88,38,20,20,88,imminent_crisis_management/runs-1-to-5/metrics.json,imminent_crisis_management/runs-1-to-8/metrics.json
imminent_crisis_management,runs-1-to-7,7,0.927583,3.773585,88,53,24,24,85,imminent_crisis_management/runs-1-to-7/metrics.json,imminent_crisis_management/runs-1-to-8/metrics.json
imminent_crisis_management,runs-1-to-8,8,0.932417,3.803279,88,61,31,31,88,imminent_crisis_management/runs-1-to-8/metrics.json,imminent_crisis_management/runs-1-to-8/metrics.json
malicious_cyber_activity,runs-1-to-3,3,0.963034,3.814815,84,27,18,18,84,malicious_cyber_activity/runs-1-to-3/metrics.json,malicious_cyber_activity/runs-1-to-8/metrics.json
malicious_cyber_activity,runs-1-to-5,5,0.984192,3.862069,85,58,46,46,85,malicious_cyber_activity/runs-1-to-5/metrics.json,malicious_cyber_activity/runs-1-to-8/metrics.json
malicious_cyber_activity,runs-1-to-7,7,0.976057,3.8,86,85,58,58,86,malicious_cyber_activity/runs-1-to-7/metrics.json,malicious_cyber_activity/runs-1-to-8/metrics.json
malicious_cyber_activity,runs-1-to-8,8,0.97497,3.777778,88,99,67,66,88,malicious_cyber_activity/runs-1-to-8/metrics.json,malicious_cyber_activity/runs-1-to-8/metrics.json
relationship_entanglement,runs-1-to-3,3,0.960277,3.703704,80,27,20,20,80,relationship_entanglement/runs-1-to-3/metrics.json,relationship_entanglement/runs-1-to-8/metrics.json
relationship_entanglement,runs-1-to-5,5,0.952163,3.755556,88,45,33,32,88,relationship_entanglement/runs-1-to-5/metrics.json,relationship_entanglement/runs-1-to-8/metrics.json
relationship_entanglement,runs-1-to-7,7,0.957568,3.683333,88,60,34,33,88,relationship_entanglement/runs-1-to-7/metrics.json,relationship_entanglement/runs-1-to-8/metrics.json
relationship_entanglement,runs-1-to-8,8,0.944867,3.811594,90,69,38,37,90,relationship_entanglement/runs-1-to-8/metrics.json,relationship_entanglement/runs-1-to-8/metrics.json
sexual_content,runs-1-to-3,3,0.952928,3.666667,93,30,16,16,93,sexual_content/runs-1-to-3/metrics.json,sexual_content/runs-1-to-8/metrics.json
sexual_content,runs-1-to-5,5,0.940972,3.777778,94,45,18,18,94,sexual_content/runs-1-to-5/metrics.json,sexual_content/runs-1-to-8/metrics.json
sexual_content,runs-1-to-7,7,0.917924,3.79661,95,59,18,18,95,sexual_content/runs-1-to-7/metrics.json,sexual_content/runs-1-to-8/metrics.json
sexual_content,runs-1-to-8,8,0.915541,3.820896,95,67,19,19,92,sexual_content/runs-1-to-8/metrics.json,sexual_content/runs-1-to-8/metrics.json
violent_content,runs-1-to-3,3,0.965238,3.740741,90,27,20,20,90,violent_content/runs-1-to-3/metrics.json,violent_content/runs-1-to-8/metrics.json
violent_content,runs-1-to-5,5,0.960308,3.56,90,50,36,34,90,violent_content/runs-1-to-5/metrics.json,violent_content/runs-1-to-8/metrics.json
violent_content,runs-1-to-7,7,0.961121,3.605634,90,71,44,42,90,violent_content/runs-1-to-7/metrics.json,violent_content/runs-1-to-8/metrics.json
violent_content,runs-1-to-8,8,0.956903,3.590361,94,83,51,49,94,violent_content/runs-1-to-8/metrics.json,violent_content/runs-1-to-8/metrics.json
